reading_plan_id,day,book_id,chapter,first_verse,last_verse
1,1,3,5,27,39
1,1,1,1,,
1,1,1,2,,
1,1,19,1,,
1,2,42,6,1,26
1,2,1,3,,
1,2,1,4,,
1,2,1,5,,
1,2,19,2,,
1,3,42,6,27,49
1,3,1,6,,
1,3,1,7,,
1,3,19,3,,
1,4,42,7,1,17
1,4,1,8,,
1,4,1,9,,
1,4,1,10,,
1,4,19,4,,
1,5,42,7,18,50
1,5,1,11,,
1,5,19,5,,
1,6,42,8,1,25
1,6,1,12,,
1,6,19,6,,
1,7,42,8,26,56
1,7,1,13,,
1,7,1,14,,
1,7,19,7,,
1,8,42,9,1,27
1,8,1,15,,
1,8,19,8,,
1,9,42,9,28,62
1,9,1,16,,
1,9,19,9,,
1,10,42,10,1,20
1,10,1,17,,
1,10,19,10,,
1,11,42,10,21,42
1,11,1,18,,
1,11,19,11,,
1,12,42,11,1,28
1,12,1,19,,
1,12,19,12,,
1,13,42,11,29,54
1,13,1,20,,
1,13,19,13,,
1,14,42,12,1,31
1,14,1,21,,
1,14,19,14,,
1,15,42,12,32,59
1,15,1,22,,
1,15,19,15,,
1,16,42,13,1,17
1,16,1,23,,
1,16,19,16,,
1,17,42,13,18,35
1,17,1,24,,
1,17,19,17,,
1,18,42,14,1,24
1,18,1,25,,
1,18,19,28,,
1,19,42,14,25,35
1,19,1,26,,
1,19,19,19,,
1,20,42,15,,
1,20,1,27,1,45
1,20,19,20,,
1,21,42,16,,
1,21,1,27,,46
1,21,1,28,,
1,21,19,21,,
1,22,42,17,,
1,22,1,29,1,30
1,22,19,22,,
1,23,42,18,1,17
1,23,1,29,31,35
1,23,1,30,,
1,23,19,23,,
1,24,42,18,18,43
1,24,1,31,,
1,24,19,24,,
1,25,42,19,1,27
1,25,1,32,,
1,25,1,33,,
1,25,19,25,,
1,26,42,19,28,48
1,26,1,34,,
1,26,19,26,,
1,27,42,20,1,26
1,27,1,35,,
1,27,1,36,,
1,27,19,27,,
1,28,42,20,27,47
1,28,1,37,,
1,28,19,28,,
1,29,42,21,,
1,29,1,38,,
1,29,19,29,,
1,30,42,22,1,38
1,30,1,39,,
1,30,19,30,,
1,31,42,22,39,71
1,31,1,40,,
1,31,19,31,,
1,32,42,23,1,25
1,32,1,41,,
1,32,19,32,,
1,33,42,23,26,56
1,33,1,42,,
1,33,19,33,,
1,34,42,24,1,12
1,34,1,43,,
1,34,19,34,,
1,35,42,24,13,53
1,35,1,44,,
1,35,19,35,,
1,36,58,1,,
1,36,1,45,,
1,36,1,46,1,27
1,36,19,36,,
1,37,58,2,,
1,37,1,46,28,34
1,37,1,47,,
1,37,19,37,,
1,38,58,3,,
1,38,58,4,1,13
1,38,1,48,,
1,38,19,38,,
1,39,58,4,14,16
1,39,58,5,,
1,39,58,6,1,12
1,39,1,49,,
1,39,1,50,,
1,39,19,39,,
1,40,58,6,13,20
1,40,2,1,,
1,40,2,2,,
1,40,19,40,,
1,41,58,7,,
1,41,2,3,,
1,41,2,4,,
1,41,19,41,,
1,42,58,8,,
1,42,2,5,,
1,42,2,6,1,27
1,42,20,1,,
1,43,58,9,1,22
1,43,2,6,28,30
1,43,2,7,,
1,43,2,8,,
1,43,20,2,,
1,44,58,9,23,28
1,44,58,10,1,18
1,44,2,9,,
1,44,2,10,,
1,44,20,3,,
1,45,58,10,19,39
1,45,2,11,,
1,45,2,12,,
1,45,20,4,,
1,46,58,11,1,21
1,46,2,13,,
1,46,2,14,,
1,46,20,5,,
1,47,58,11,22,40
1,47,2,15,,
1,47,20,6,,
1,47,20,7,1,5
1,48,58,12,,
1,48,2,16,,
1,48,2,17,,
1,48,20,7,6,27
1,49,58,13,,
1,49,2,18,,
1,49,2,19,,
1,49,20,8,,
1,50,40,1,,
1,50,2,20,,
1,50,2,21,,
1,50,20,9,,
1,51,40,2,,
1,51,2,22,,
1,51,2,23,,
1,51,20,10,,
1,52,40,3,,
1,52,2,24,,
1,52,20,11,,
1,53,40,4,,
1,53,2,25,,
1,53,2,26,,
1,53,2,27,,
1,53,20,12,,
1,54,40,5,1,20
1,54,2,28,,
1,54,2,29,,
1,54,20,13,,
1,55,40,5,21,48
1,55,2,30,,
1,55,2,31,,
1,55,2,32,,
1,55,20,14,,
1,56,40,6,1,18
1,56,2,33,,
1,56,2,34,,
1,56,20,15,,
1,57,40,6,19,34
1,57,2,35,,
1,57,2,36,,
1,57,20,16,,
1,58,40,7,,
1,58,2,37,,
1,58,2,38,,
1,58,20,17,,
1,59,40,8,1,13
1,59,2,39,,
1,59,2,40,,
1,59,20,18,,
1,60,40,8,14,34
1,60,3,1,,
1,60,3,2,,
1,60,20,19,,
1,61,40,9,1,17
1,61,3,3,,
1,61,3,4,,
1,61,20,20,,
1,62,40,9,18,38
1,62,3,5,,
1,62,3,6,,
1,62,20,21,,
1,63,40,10,1,25
1,63,3,7,,
1,63,3,8,,
1,63,20,22,,
1,64,40,10,26,42
1,64,3,9,,
1,64,3,10,,
1,64,20,23,,
1,65,40,11,1,19
1,65,3,11,,
1,65,3,12,,
1,65,20,24,,
1,66,40,11,20,30
1,66,3,13,,
1,66,20,25,,
1,67,40,12,1,21
1,67,3,14,,
1,67,20,26,,
1,68,40,12,22,50
1,68,3,15,,
1,68,3,16,,
1,68,20,27,,
1,69,40,13,1,23
1,69,3,17,,
1,69,3,18,,
1,69,20,28,,
1,70,40,13,24,58
1,70,3,19,,
1,70,20,29,,
1,71,40,14,1,21
1,71,3,20,,
1,71,3,21,,
1,71,20,30,,
1,72,40,14,22,36
1,72,3,22,,
1,72,3,23,,
1,72,20,31,,
1,73,40,15,1,20
1,73,3,24,,
1,73,3,25,,
1,73,21,1,1,11
1,74,40,15,21,39
1,74,3,26,,
1,74,3,27,,
1,74,21,1,12,18
1,74,21,2,,
1,75,40,16,,
1,75,4,1,,
1,75,4,2,,
1,75,21,3,1,15
1,76,40,17,,
1,76,4,3,,
1,76,4,4,,
1,76,21,3,16,22
1,76,21,4,,
1,77,40,18,1,17
1,77,4,5,,
1,77,4,6,,
1,77,21,5,,
1,78,40,18,18,35
1,78,4,7,,
1,78,4,8,,
1,78,21,6,,
1,79,40,19,1,15
1,79,4,9,,
1,79,4,10,,
1,79,21,7,,
1,80,40,19,16,30
1,80,4,11,,
1,80,4,12,,
1,80,21,8,,
1,81,40,20,1,16
1,81,4,13,,
1,81,4,14,,
1,81,21,9,1,12
1,82,40,20,17,34
1,82,4,15,,
1,82,4,16,,
1,82,21,9,13,18
1,83,40,21,1,27
1,83,4,17,,
1,83,4,18,,
1,83,21,11,1,8
1,84,40,21,28,46
1,84,4,19,,
1,84,4,20,,
1,84,21,11,9,10
1,84,21,12,,
1,85,40,22,1,22
1,85,4,21,,
1,85,22,1,,
1,85,22,2,1,7
1,86,40,22,23,46
1,86,4,22,1,40
1,86,22,2,8,17
1,86,22,3,1,5
1,87,40,23,1,12
1,87,4,22,,41
1,87,4,23,1,26
1,87,22,3,6,11
1,87,22,4,,
1,87,22,5,,1
1,88,40,23,13,39
1,88,4,23,27,30
1,88,4,24,,
1,88,22,5,2,16
1,88,22,6,1,3
1,89,40,24,1,31
1,89,4,25,,
1,89,4,26,,
1,89,4,27,,
1,89,22,6,4,13
1,89,22,7,,
1,89,22,8,1,4
1,90,40,24,32,51
1,90,4,28,,
1,90,4,29,,
1,90,22,8,5,14
1,91,40,25,1,30
1,91,4,30,,
1,91,4,31,,
1,91,18,1,,
1,92,40,25,31,46
1,92,4,32,,
1,92,4,33,,
1,92,4,34,,
1,92,18,2,,
1,93,40,26,1,25
1,93,4,35,,
1,93,4,36,,
1,93,18,3,,
1,94,40,26,26,46
1,94,5,1,,
1,94,5,2,,
1,94,18,4,,
1,95,40,26,47,75
1,95,5,3,,
1,95,5,4,,
1,95,18,5,,
1,96,40,27,1,31
1,96,5,5,,
1,96,5,6,,
1,96,18,6,,
1,97,40,27,32,66
1,97,5,7,,
1,97,5,8,,
1,97,18,7,,
1,98,40,28,,
1,98,5,9,,
1,98,5,10,,
1,98,18,8,,
1,99,44,1,,
1,99,5,11,,
1,99,5,12,,
1,99,18,9,,
1,100,44,2,1,13
1,100,5,13,,
1,100,5,14,,
1,100,18,10,,
1,101,44,2,14,47
1,101,5,15,,
1,101,5,16,,
1,101,18,11,,
1,102,44,3,,
1,102,5,17,,
1,102,5,18,,
1,102,18,12,,
1,103,44,4,1,22
1,103,5,19,,
1,103,5,20,,
1,103,18,13,,
1,104,44,4,23,37
1,104,5,21,,
1,104,5,22,,
1,104,18,14,,
1,105,44,5,1,16
1,105,5,23,,
1,105,5,24,,
1,105,18,15,,
1,106,44,5,17,42
1,106,5,25,,
1,106,5,26,,
1,106,5,27,,
1,106,18,16,,
1,107,44,6,,
1,107,5,28,,
1,107,18,17,,
1,108,44,7,1,22
1,108,5,29,,
1,108,5,30,,
1,108,18,18,,
1,109,44,7,23,60
1,109,44,8,1,1
1,109,5,31,,
1,109,5,32,,
1,109,18,19,,
1,110,44,8,1,25
1,110,5,33,,
1,110,5,34,,
1,110,18,20,,
1,111,44,8,26,40
1,111,6,1,,
1,111,6,2,,
1,111,18,21,,
1,112,44,9,1,25
1,112,6,3,,
1,112,6,4,,
1,112,6,5,,1
1,112,18,22,,
1,113,44,9,26,43
1,113,6,5,2,15
1,113,6,6,,
1,113,18,23,,
1,114,44,10,1,33
1,114,6,7,,
1,114,6,8,,
1,114,18,24,,
1,115,44,10,34,48
1,115,6,9,,
1,115,6,10,,
1,115,18,25,,
1,116,44,11,1,18
1,116,6,11,,
1,116,6,12,,
1,116,18,26,,
1,117,44,11,19,30
1,117,6,13,,
1,117,6,14,,
1,117,18,27,,
1,118,44,12,,
1,118,6,15,,
1,118,6,16,,
1,118,6,17,,
1,118,18,28,,
1,119,44,13,1,25
1,119,6,18,,
1,119,6,19,,
1,119,18,29,,
1,120,44,13,26,52
1,120,6,20,,
1,120,6,21,,
1,120,18,30,,
1,121,44,14,,
1,121,6,22,,
1,121,18,31,,
1,122,44,15,1,21
1,122,6,23,,
1,122,6,24,,
1,122,18,32,,
1,123,44,15,22,41
1,123,7,1,,
1,123,18,33,,
1,124,44,16,1,15
1,124,7,2,,
1,124,7,3,,
1,124,18,34,,
1,125,44,16,16,40
1,125,7,4,,
1,125,7,5,,
1,125,18,35,,
1,126,44,17,1,15
1,126,7,6,,
1,126,18,36,,
1,127,44,17,16,34
1,127,7,7,,
1,127,7,8,,
1,127,18,37,,
1,128,44,18,,
1,128,7,9,,
1,128,18,38,,
1,129,44,19,1,20
1,129,7,10,,
1,129,7,11,1,33
1,129,18,39,,
1,130,44,19,21,41
1,130,7,11,34,40
1,130,7,12,,
1,130,18,40,,
1,131,44,20,1,16
1,131,7,13,,
1,131,18,41,,
1,132,44,20,17,38
1,132,7,14,,
1,132,7,15,,
1,132,18,42,,
1,133,44,21,1,36
1,133,7,16,,
1,133,19,42,,
1,134,44,21,37,40
1,134,44,22,1,29
1,134,7,17,,
1,134,7,18,,
1,134,19,43,,
1,135,44,22,,30
1,135,44,23,1,22
1,135,7,19,,
1,135,19,44,,
1,136,44,23,23,35
1,136,44,24,1,9
1,136,7,20,,
1,136,19,45,,
1,137,44,24,10,27
1,137,7,21,,
1,137,19,46,,
1,138,44,25,,
1,138,8,1,,
1,138,8,2,,
1,138,19,47,,
1,139,44,26,1,18
1,139,8,3,,
1,139,8,4,,
1,139,19,48,,
1,140,44,26,19,32
1,140,9,1,,
1,140,9,2,1,11
1,140,19,49,,
1,141,44,27,1,12
1,141,9,2,12,36
1,141,19,50,,
1,142,44,27,13,44
1,142,9,3,,
1,142,19,51,,
1,143,44,28,1,15
1,143,9,4,,
1,143,9,5,,
1,143,19,52,,
1,144,44,28,16,31
1,144,9,6,,
1,144,9,7,,
1,144,19,53,,
1,145,45,1,1,15
1,145,9,8,,
1,145,19,54,,
1,146,45,1,16,32
1,146,9,9,,
1,146,9,10,1,16
1,146,19,55,,
1,147,45,2,,
1,147,45,3,1,8
1,147,9,10,17,27
1,147,9,11,,
1,147,19,56,,
1,148,45,3,9,31
1,148,9,12,,
1,148,19,57,,
1,149,45,4,,
1,149,9,13,,
1,149,19,58,,
1,150,45,5,,
1,150,9,14,,
1,150,19,59,,
1,151,45,6,,
1,151,9,15,,
1,151,19,60,,
1,152,45,7,,
1,152,9,16,,
1,152,19,61,,
1,153,45,8,,
1,153,9,17,1,54
1,153,19,62,,
1,154,45,9,1,29
1,154,9,17,55,58
1,154,9,18,,
1,154,19,63,,
1,155,45,9,30,33
1,155,45,10,,
1,155,9,19,,
1,155,19,64,,
1,156,45,11,1,24
1,156,9,20,,
1,156,19,65,,
1,157,45,11,25,36
1,157,9,21,,
1,157,9,22,,
1,157,19,66,,
1,158,45,12,,
1,158,9,23,,
1,158,9,24,,
1,158,19,67,,
1,159,45,13,,
1,159,9,25,,
1,159,19,68,,
1,160,45,14,,
1,160,9,26,,
1,160,19,69,,
1,161,45,15,1,13
1,161,9,27,,
1,161,9,28,,
1,161,19,70,,
1,162,45,15,14,33
1,162,9,29,,
1,162,9,30,,
1,162,9,31,,
1,162,19,71,,
1,163,45,16,,
1,163,10,1,,
1,163,19,72,,
1,164,41,1,1,20
1,164,10,2,,
1,164,10,3,,1
1,164,27,1,,
1,165,41,1,21,45
1,165,10,3,2,39
1,165,27,2,1,23
1,166,41,2,,
1,166,10,4,,
1,166,10,5,,
1,166,27,2,24,49
1,167,41,3,1,19
1,167,10,6,,
1,167,27,3,,
1,168,41,3,20,35
1,168,10,7,,
1,168,10,8,,
1,168,27,4,,
1,169,41,4,1,20
1,169,10,9,,
1,169,10,10,,
1,169,27,5,,
1,170,41,4,21,41
1,170,10,11,,
1,170,10,12,,
1,170,27,6,,
1,171,41,5,1,20
1,171,10,13,,
1,171,27,7,,
1,172,41,5,21,43
1,172,10,14,,
1,172,27,8,,
1,173,41,6,1,29
1,173,10,15,,
1,173,27,9,,
1,174,41,6,30,56
1,174,10,16,,
1,174,27,10,,
1,174,27,11,1,2
1,175,41,7,1,13
1,175,10,17,,
1,175,27,11,2,20
1,176,41,7,14,37
1,176,10,18,,
1,176,27,11,21,45
1,177,41,8,1,21
1,177,10,19,,
1,177,27,12,,
1,178,41,8,22,38
1,178,41,9,,1
1,178,10,20,,
1,178,10,21,,
1,178,28,1,,
1,178,28,2,,1
1,179,41,9,2,50
1,179,10,22,,
1,179,28,2,2,23
1,180,41,10,1,31
1,180,10,23,,
1,180,28,3,,
1,181,41,10,32,52
1,181,10,24,,
1,181,28,4,1,10
1,182,41,11,1,14
1,182,11,1,,
1,182,28,4,11,19
1,182,28,5,1,3
1,183,41,11,15,33
1,183,11,2,,
1,183,28,5,4,15
1,184,41,12,1,27
1,184,11,3,,
1,184,28,6,,
1,184,28,7,1,2
1,185,41,12,28,44
1,185,11,4,,
1,185,11,5,,
1,185,28,7,3,16
1,186,41,13,1,13
1,186,11,6,,
1,186,28,8,,
1,187,41,13,14,37
1,187,11,7,,
1,187,28,9,1,16
1,188,41,14,1,31
1,188,11,8,,
1,188,28,9,,17
1,188,28,10,,
1,189,41,14,32,72
1,189,11,9,,
1,189,28,11,1,11
1,190,41,15,1,20
1,190,11,10,,
1,190,28,11,,12
1,190,28,12,,
1,191,41,15,21,47
1,191,11,11,,
1,191,28,13,,
1,192,41,16,,
1,192,11,12,1,31
1,192,28,14,,
1,193,46,1,1,17
1,193,11,12,32,33
1,193,11,13,,
1,193,29,1,,
1,194,46,1,18,31
1,194,11,14,,
1,194,29,2,1,11
1,195,46,2,,
1,195,11,15,1,32
1,195,29,2,12,32
1,196,46,3,,
1,196,11,15,33,34
1,196,11,16,,
1,196,29,3,,
1,197,46,4,,
1,197,11,17,,
1,197,30,1,,
1,198,46,5,,
1,198,11,18,,
1,198,30,2,,
1,198,30,3,1,2
1,199,46,6,,
1,199,11,19,,
1,199,30,3,3,15
1,199,30,4,1,3
1,200,46,7,1,24
1,200,11,20,,
1,200,30,4,4,13
1,201,46,7,25,40
1,201,11,21,,
1,201,30,5,,
1,202,46,8,,
1,202,11,22,,
1,202,30,6,,
1,203,46,9,,
1,203,12,1,,
1,203,12,2,,
1,203,30,7,,
1,204,46,10,,
1,204,12,3,,
1,204,30,8,,
1,205,46,11,1,16
1,205,12,4,,
1,205,30,9,,
1,206,46,11,17,34
1,206,12,5,,
1,206,31,1,,
1,207,46,12,,
1,207,12,6,,
1,207,12,7,1,2
1,207,32,1,,
1,208,46,13,,
1,208,12,7,3,20
1,208,32,2,,
1,209,46,14,1,25
1,209,12,8,,
1,209,32,3,,
1,210,46,14,26,40
1,210,12,9,,
1,210,32,4,,
1,211,46,15,1,34
1,211,12,10,,
1,211,33,1,,
1,212,46,15,35,58
1,212,12,11,,
1,212,33,2,,
1,213,46,16,,
1,213,12,12,,
1,213,12,13,,
1,213,33,3,,
1,214,47,1,,
1,214,47,2,1,4
1,214,12,14,,
1,214,33,4,,
1,214,33,5,,1
1,215,47,2,5,17
1,215,47,3,,
1,215,12,15,,
1,215,12,16,,
1,215,33,5,2,15
1,216,47,4,,
1,216,47,5,1,10
1,216,12,17,,
1,216,33,6,,
1,217,47,5,11,21
1,217,47,6,1,13
1,217,12,18,,
1,217,33,7,,
1,218,47,6,14,18
1,218,47,7,,
1,218,12,19,,
1,218,34,1,,
1,219,47,8,,
1,219,12,20,,
1,219,12,21,,
1,219,34,2,,
1,220,47,9,,
1,220,12,22,,
1,220,12,23,1,34
1,220,34,3,,
1,221,47,10,,
1,221,12,23,35,37
1,221,12,24,,
1,221,35,1,,
1,222,47,11,,
1,222,12,25,,
1,222,35,2,,
1,223,47,12,,
1,223,13,1,,
1,223,13,2,,
1,223,35,3,,
1,224,47,13,,
1,224,13,3,,
1,224,13,4,,
1,224,36,1,,
1,225,43,1,1,18
1,225,13,5,,
1,225,13,6,,
1,225,36,2,,
1,226,43,1,19,34
1,226,13,7,,
1,226,13,8,,
1,226,36,3,,
1,227,43,1,35,51
1,227,13,9,,
1,227,37,1,,
1,227,37,2,,
1,228,43,2,,
1,228,13,10,,
1,228,13,11,,
1,228,38,1,,
1,229,43,3,1,21
1,229,13,12,,
1,229,38,2,,
1,230,43,3,22,36
1,230,13,13,,
1,230,13,14,,
1,230,38,3,,
1,231,43,4,1,26
1,231,13,15,,
1,231,13,16,1,7
1,231,38,4,,
1,232,43,4,27,42
1,232,13,16,8,43
1,232,38,5,,
1,233,43,4,43,54
1,233,13,17,,
1,233,38,6,,
1,234,43,5,1,18
1,234,13,18,,
1,234,13,19,,
1,234,38,7,,
1,235,43,5,19,47
1,235,13,20,,
1,235,13,21,,
1,235,38,8,,
1,236,43,6,1,24
1,236,13,22,,
1,236,13,23,,
1,236,38,9,,
1,237,43,6,25,59
1,237,13,24,,
1,237,38,10,,
1,238,43,6,60,71
1,238,13,25,,
1,238,13,26,,
1,238,38,11,,
1,239,43,7,1,24
1,239,13,27,,
1,239,13,28,,
1,239,38,12,,
1,240,43,7,25,52
1,240,13,29,,
1,240,38,13,,
1,241,43,8,1,20
1,241,14,1,,
1,241,14,2,1,16
1,241,38,14,,
1,242,43,8,21,47
1,242,14,2,,17
1,242,14,3,,
1,242,14,4,,
1,242,14,5,,1
1,242,39,1,,
1,242,39,2,1,9
1,243,43,8,48,59
1,243,14,5,2,14
1,243,39,2,10,16
1,244,43,9,1,23
1,244,14,6,,
1,244,39,2,,17
1,244,39,3,,
1,245,43,9,24,41
1,245,14,7,,
1,245,39,4,,
1,246,43,10,1,21
1,246,14,8,,
1,246,19,73,,
1,247,43,10,22,42
1,247,14,9,,
1,247,19,74,,
1,248,43,11,1,27
1,248,14,10,,
1,248,14,11,,
1,248,19,75,,
1,249,43,11,28,57
1,249,14,12,,
1,249,14,13,,
1,249,19,76,,
1,250,43,12,1,26
1,250,14,14,,
1,250,14,15,,
1,250,19,77,,
1,251,43,12,27,50
1,251,14,16,,
1,251,14,17,,
1,251,19,78,1,20
1,252,43,13,1,20
1,252,14,18,,
1,252,19,78,21,37
1,253,43,13,21,38
1,253,14,19,,
1,253,19,78,38,55
1,254,43,14,1,14
1,254,14,20,,
1,254,14,21,,1
1,254,19,78,56,72
1,255,43,14,15,31
1,255,14,21,2,20
1,255,14,22,,
1,255,19,79,,
1,256,43,15,,
1,256,43,16,1,4
1,256,14,23,,
1,256,19,80,,
1,257,43,16,4,33
1,257,14,24,,
1,257,19,81,,
1,258,43,17,,
1,258,14,25,,
1,258,19,82,,
1,259,43,18,1,18
1,259,14,26,,
1,259,19,83,,
1,260,43,18,19,38
1,260,14,27,,
1,260,14,28,,
1,260,19,84,,
1,261,43,18,38,40
1,261,43,19,1,16
1,261,14,29,,
1,261,19,85,,
1,262,43,19,16,42
1,262,14,30,,
1,262,19,86,,
1,263,43,20,1,18
1,263,14,31,,
1,263,19,87,,
1,264,43,20,19,31
1,264,14,32,,
1,264,19,88,,
1,265,43,21,,
1,265,14,33,,
1,265,19,89,1,18
1,266,62,1,,
1,266,14,34,,
1,266,19,89,19,37
1,267,62,2,,
1,267,14,35,,
1,267,19,89,38,52
1,268,62,3,,
1,268,14,36,,
1,268,19,90,,
1,269,62,4,,
1,269,15,1,,
1,269,15,2,,
1,269,19,91,,
1,270,62,5,,
1,270,15,3,,
1,270,15,4,,
1,270,19,92,,
1,271,63,1,,
1,271,15,5,,
1,271,15,6,,
1,271,19,93,,
1,272,64,1,,
1,272,15,7,,
1,272,15,8,,
1,272,19,94,,
1,273,65,1,,
1,273,15,9,,
1,273,15,10,,
1,273,19,95,,
1,274,66,1,,
1,274,16,1,,
1,274,16,2,,
1,274,19,96,,
1,275,66,2,,
1,275,16,3,,
1,275,19,97,,
1,276,66,3,,
1,276,16,4,,
1,276,19,98,,
1,277,66,4,,
1,277,16,5,,
1,277,16,6,,
1,277,16,7,1,3
1,277,19,99,,
1,278,66,5,,
1,278,16,7,4,73
1,278,16,8,1,12
1,278,19,100,,
1,279,66,6,,
1,279,16,8,13,18
1,279,16,9,1,37
1,279,19,101,,
1,280,66,7,1,17
1,280,16,9,,38
1,280,16,10,1,39
1,280,19,102,1,28
1,281,66,8,1,13
1,281,16,11,1,36
1,281,19,103,,
1,282,66,9,,
1,282,16,12,,
1,282,19,104,1,23
1,283,66,10,,
1,283,16,13,,
1,283,19,104,24,35
1,284,66,11,,
1,284,17,1,,
1,284,19,105,1,25
1,285,66,12,,
1,285,17,2,,
1,285,19,105,26,45
1,286,66,13,,
1,286,17,3,,
1,286,17,4,,
1,286,19,106,1,23
1,287,66,14,,
1,287,17,5,,
1,287,17,6,1,13
1,287,19,106,24,48
1,288,66,15,,
1,288,17,6,,14
1,288,17,7,,
1,288,17,8,,
1,288,19,107,1,22
1,289,66,16,,
1,289,17,9,,
1,289,17,10,,
1,289,19,107,23,43
1,290,66,17,,
1,290,23,1,,
1,290,23,2,,
1,290,19,108,,
1,291,66,18,,
1,291,23,3,,
1,291,23,4,,
1,291,19,109,1,19
1,292,66,19,,
1,292,23,5,,
1,292,23,6,,
1,292,19,109,20,31
1,293,66,20,,
1,293,23,7,,
1,293,23,8,,
1,293,19,110,,
1,294,66,21,,
1,294,66,22,,
1,294,23,9,,
1,294,23,10,,
1,294,19,111,,
1,295,52,1,,
1,295,23,11,,
1,295,23,12,,
1,295,23,13,,
1,295,19,112,,
1,296,52,2,1,16
1,296,23,14,,
1,296,23,15,,
1,296,23,16,,
1,296,19,113,,
1,297,52,2,17,20
1,297,52,3,,
1,297,23,17,,
1,297,23,18,,
1,297,23,19,,
1,297,19,114,,
1,298,52,4,,
1,298,23,20,,
1,298,23,21,,
1,298,23,22,,
1,298,19,115,,
1,299,52,5,,
1,299,23,23,,
1,299,23,24,,
1,299,19,116,,
1,300,53,1,,
1,300,23,25,,
1,300,23,26,,
1,300,19,117,,
1,301,53,2,,
1,301,23,27,,
1,301,23,28,,
1,301,19,118,,
1,302,53,3,,
1,302,23,29,,
1,302,23,30,,
1,302,19,119,1,32
1,303,54,1,,
1,303,23,31,,
1,303,23,32,,
1,303,23,33,,
1,303,19,119,33,64
1,304,54,2,,
1,304,23,34,,
1,304,23,35,,
1,304,19,119,65,96
1,305,54,3,,
1,305,23,36,,
1,305,23,37,,
1,305,19,119,97,120
1,306,54,4,,
1,306,23,38,,
1,306,23,39,,
1,306,19,119,121,144
1,307,54,5,1,20
1,307,24,1,,
1,307,24,2,,
1,307,19,119,145,176
1,308,54,5,21,25
1,308,54,6,,
1,308,24,3,,
1,308,24,4,,
1,308,19,120,,
1,309,55,1,,
1,309,24,5,,
1,309,24,6,,
1,309,19,121,,
1,310,55,2,,
1,310,24,7,,
1,310,24,8,,
1,310,19,122,,
1,311,55,3,,
1,311,24,9,,
1,311,24,10,,
1,311,19,123,,
1,312,55,4,,
1,312,24,11,,
1,312,24,12,,
1,312,19,124,,
1,313,56,1,,
1,313,24,13,,
1,313,24,14,,
1,313,19,125,,
1,314,56,2,,
1,314,24,15,,
1,314,24,16,,
1,314,19,126,,
1,315,56,3,,
1,315,24,17,,
1,315,24,18,,
1,315,19,127,,
1,316,57,1,,
1,316,24,19,,
1,316,24,20,,
1,316,19,128,,
1,317,59,1,,
1,317,24,21,,
1,317,24,22,,
1,317,19,129,,
1,318,59,2,,
1,318,24,23,,
1,318,24,24,,
1,318,19,130,,
1,319,59,3,,
1,319,24,25,,
1,319,24,26,,
1,319,19,131,,
1,320,59,4,,
1,320,24,27,,
1,320,24,28,,
1,320,19,132,,
1,321,59,5,,
1,321,24,29,,
1,321,24,30,,
1,321,19,133,,
1,322,60,1,,
1,322,24,31,,
1,322,24,32,,
1,322,19,134,,
1,323,60,2,,
1,323,24,33,,
1,323,24,34,,
1,323,19,135,,
1,324,60,3,,
1,324,24,35,,
1,324,24,36,,
1,324,19,136,,
1,325,60,4,,
1,325,24,37,,
1,325,24,38,,
1,325,19,137,,
1,326,60,5,,
1,326,24,39,,
1,326,24,40,,
1,326,19,138,,
1,327,61,1,,
1,327,24,41,,
1,327,24,42,,
1,327,19,139,,
1,328,61,2,,
1,328,24,43,,
1,328,24,44,,
1,328,19,140,,
1,329,61,3,,
1,329,24,45,,
1,329,24,46,,
1,329,19,141,,
1,330,48,1,,
1,330,24,47,,
1,330,24,48,,
1,330,19,142,,
1,331,48,2,,
1,331,24,49,,
1,331,24,50,,
1,331,19,143,,
1,332,48,3,1,20
1,332,24,51,,
1,332,24,52,,
1,332,19,144,,
1,333,48,3,21,29
1,333,48,4,1,20
1,333,25,1,,
1,333,25,2,,
1,333,19,145,,
1,334,48,4,21,31
1,334,25,3,,
1,334,25,4,,
1,334,19,146,,
1,335,48,5,,
1,335,25,5,,
1,335,19,147,,
1,336,48,5,16,26
1,336,26,1,,
1,336,19,148,,
1,337,48,6,,
1,337,26,2,,
1,337,26,3,,
1,337,19,149,,
1,338,49,1,,
1,338,26,4,,
1,338,26,5,,
1,338,19,150,,
1,339,49,2,,
1,339,26,6,,
1,339,26,7,,
1,339,23,40,,
1,340,49,3,,
1,340,26,8,,
1,340,26,9,,
1,340,23,41,,
1,341,49,4,1,16
1,341,26,10,,
1,341,26,11,,
1,341,23,42,,
1,342,49,4,17,32
1,342,26,12,,
1,342,26,13,,
1,342,23,43,,
1,343,49,5,1,20
1,343,26,14,,
1,343,26,15,,
1,343,23,44,,
1,344,49,5,21,33
1,344,26,16,,
1,344,23,45,,
1,345,49,6,,
1,345,26,17,,
1,345,23,46,,
1,346,50,1,1,11
1,346,26,18,,
1,346,23,47,,
1,347,50,1,12,30
1,347,26,19,,
1,347,23,48,,
1,348,50,2,1,11
1,348,26,20,,
1,348,23,49,,
1,349,50,2,12,30
1,349,26,21,,
1,349,26,22,,
1,349,23,50,,
1,350,50,3,,
1,350,26,23,,
1,350,23,51,,
1,351,50,4,,
1,351,26,24,,
1,351,23,52,,
1,352,51,1,1,23
1,352,26,25,,
1,352,26,26,,
1,352,23,53,,
1,353,51,1,24,29
1,353,51,2,1,19
1,353,26,27,,
1,353,26,28,,
1,353,23,54,,
1,354,51,2,20,23
1,354,51,3,1,17
1,354,26,29,,
1,354,26,30,,
1,354,23,55,,
1,355,51,3,18,25
1,355,51,4,,
1,355,26,31,,
1,355,26,32,,
1,355,23,56,,
1,356,42,1,1,25
1,356,26,33,,
1,356,23,57,,
1,357,42,1,26,56
1,357,26,34,,
1,357,23,58,,
1,358,42,1,57,80
1,358,26,35,,
1,358,26,36,,
1,358,23,59,,
1,359,42,2,1,20
1,359,26,37,,
1,359,23,60,,
1,360,42,2,21,52
1,360,26,38,,
1,360,26,39,,
1,360,23,61,,
1,361,42,3,1,20
1,361,26,40,,
1,361,26,41,,
1,361,23,62,,
1,362,42,3,21,38
1,362,26,42,,
1,362,26,43,,
1,362,23,63,,
1,363,42,4,1,30
1,363,26,44,,
1,363,26,45,,
1,363,23,64,,
1,364,42,4,31,44
1,364,26,46,,
1,364,26,47,,
1,364,23,65,,
1,365,42,5,1,26
1,365,26,48,,
1,365,23,66,,
