reading_plan_id,day,book_id,chapter,first_verse,last_verse
2,1,1,1,,
2,1,1,2,,
2,2,1,3,,
2,2,1,4,,
2,2,1,5,,
2,3,1,6,,
2,3,1,7,,
2,3,1,8,,
2,3,1,9,,
2,4,1,10,,
2,4,1,11,,
2,5,1,12,,
2,5,1,13,,
2,5,1,14,,
2,5,1,15,,
2,6,1,16,,
2,6,1,17,,
2,6,1,18,,
2,6,1,19,,
2,7,1,20,,
2,7,1,21,,
2,7,1,22,,
2,8,1,23,,
2,8,1,24,,
2,8,1,25,,
2,8,1,26,,
2,9,1,27,,
2,9,1,28,,
2,9,1,29,,
2,10,1,30,,
2,10,1,31,,
2,10,1,32,,
2,11,1,33,,
2,11,1,34,,
2,11,1,35,,
2,11,1,36,,
2,12,1,37,,
2,12,1,38,,
2,12,1,39,,
2,13,1,40,,
2,13,1,41,,
2,13,1,42,,
2,14,1,43,,
2,14,1,44,,
2,14,1,45,,
2,14,1,46,,
2,15,1,47,,
2,15,1,48,,
2,15,1,49,,
2,15,1,50,,
2,16,18,1,,
2,16,18,2,,
2,16,18,3,,
2,16,18,4,,
2,17,18,5,,
2,17,18,6,,
2,17,18,7,,
2,18,18,8,,
2,18,18,9,,
2,18,18,10,,
2,19,18,11,,
2,19,18,12,,
2,19,18,13,,
2,20,18,14,,
2,20,18,15,,
2,20,18,16,,
2,20,18,17,,
2,21,18,18,,
2,21,18,19,,
2,21,18,20,,
2,22,18,21,,
2,22,18,22,,
2,22,18,23,,
2,22,18,24,,
2,23,18,25,,
2,23,18,26,,
2,23,18,27,,
2,24,18,28,,
2,24,18,29,,
2,24,18,30,,
2,24,18,31,,
2,25,18,32,,
2,25,18,33,,
2,25,18,34,,
2,26,18,35,,
2,26,18,36,,
2,26,18,37,,
2,27,18,38,,
2,27,18,39,,
2,27,18,40,,
2,27,18,41,,
2,27,18,42,,
2,28,2,1,,
2,28,2,2,,
2,28,2,3,,
2,28,2,4,,
2,29,2,5,,
2,29,2,6,,
2,29,2,7,,
2,30,2,8,,
2,30,2,9,,
2,30,2,10,,
2,31,2,11,,
2,31,2,12,,
2,31,2,13,,
2,32,2,14,,
2,32,2,15,,
2,32,2,16,,
2,32,2,17,,
2,33,2,18,,
2,33,2,19,,
2,33,2,20,,
2,34,2,21,,
2,34,2,22,,
2,34,2,23,,
2,34,2,24,,
2,35,2,25,,
2,35,2,26,,
2,35,2,27,,
2,36,2,28,,
2,36,2,29,,
2,36,2,30,,
2,36,2,31,,
2,37,2,32,,
2,37,2,33,,
2,37,2,34,,
2,38,2,35,,
2,38,2,36,,
2,38,2,37,,
2,39,2,38,,
2,39,2,39,,
2,39,2,40,,
2,40,3,1,,
2,40,3,2,,
2,40,3,3,,
2,40,3,4,,
2,41,3,5,,
2,41,3,6,,
2,41,3,7,,
2,42,3,8,,
2,42,3,9,,
2,42,3,10,,
2,43,3,11,,
2,43,3,12,,
2,43,3,13,,
2,44,3,14,,
2,44,3,15,,
2,44,3,16,,
2,45,3,17,,
2,45,3,18,,
2,45,3,19,,
2,46,3,20,,
2,46,3,21,,
2,46,3,22,,
2,46,3,23,,
2,47,3,24,,
2,47,3,25,,
2,47,3,26,,
2,47,3,27,,
2,48,4,1,,
2,48,4,2,,
2,48,4,3,,
2,49,4,4,,
2,49,4,5,,
2,49,4,6,,
2,50,4,7,,
2,50,4,8,,
2,50,4,9,,
2,50,4,10,,
2,51,4,11,,
2,51,4,12,,
2,51,4,13,,
2,51,4,14,,
2,52,4,15,,
2,52,4,16,,
2,52,4,17,,
2,53,4,18,,
2,53,4,19,,
2,53,4,20,,
2,54,4,21,,
2,54,4,22,,
2,54,4,23,,
2,54,4,24,,
2,55,4,25,,
2,55,4,26,,
2,55,4,27,,
2,56,4,28,,
2,56,4,29,,
2,56,4,30,,
2,57,4,31,,
2,57,4,32,,
2,57,4,33,,
2,58,4,34,,
2,58,4,35,,
2,58,4,36,,
2,59,5,1,,
2,59,5,2,,
2,59,5,3,,
2,60,5,4,,
2,60,5,5,,
2,60,5,6,,
2,61,5,7,,
2,61,5,8,,
2,61,5,9,,
2,62,5,10,,
2,62,5,11,,
2,62,5,12,,
2,63,5,13,,
2,63,5,14,,
2,63,5,15,,
2,63,5,16,,
2,64,5,17,,
2,64,5,18,,
2,64,5,19,,
2,65,5,20,,
2,65,5,21,,
2,65,5,22,,
2,66,5,23,,
2,66,5,24,,
2,66,5,25,,
2,67,5,26,,
2,67,5,27,,
2,67,5,28,,
2,68,5,29,,
2,68,5,30,,
2,68,5,31,,
2,69,5,32,,
2,69,5,33,,
2,69,5,34,,
2,70,6,1,,
2,70,6,2,,
2,70,6,3,,
2,71,6,4,,
2,71,6,5,,
2,71,6,6,,
2,72,6,7,,
2,72,6,8,,
2,72,6,9,,
2,73,6,10,,
2,73,6,11,,
2,73,6,12,,
2,74,6,13,,
2,74,6,14,,
2,74,6,15,,
2,75,6,16,,
2,75,6,17,,
2,75,6,18,,
2,76,6,19,,
2,76,6,20,,
2,76,6,21,,
2,77,6,22,,
2,77,6,23,,
2,77,6,24,,
2,78,7,1,,
2,78,7,2,,
2,78,7,3,,
2,78,7,4,,
2,79,7,5,,
2,79,7,6,,
2,79,7,7,,
2,79,7,8,,
2,80,7,9,,
2,80,7,10,,
2,80,7,11,,
2,80,7,12,,
2,81,7,13,,
2,81,7,14,,
2,81,7,15,,
2,82,7,16,,
2,82,7,17,,
2,82,7,18,,
2,83,7,19,,
2,83,7,20,,
2,83,7,21,,
2,84,8,1,,
2,84,8,2,,
2,84,8,3,,
2,84,8,4,,
2,85,9,1,,
2,85,9,2,,
2,85,9,3,,
2,86,9,4,,
2,86,9,5,,
2,86,9,6,,
2,86,9,7,,
2,87,9,8,,
2,87,9,9,,
2,87,9,10,,
2,88,9,11,,
2,88,9,12,,
2,88,9,13,,
2,89,9,14,,
2,89,9,15,,
2,89,9,16,,
2,90,9,17,,
2,90,9,18,,
2,90,9,19,,
2,90,9,20,,
2,91,9,21,,
2,91,9,22,,
2,91,9,23,,
2,91,9,24,,
2,92,9,25,,
2,92,9,26,,
2,92,9,27,,
2,92,9,28,,
2,93,9,29,,
2,93,9,30,,
2,93,9,31,,
2,94,10,1,,
2,94,10,2,,
2,94,10,3,,
2,94,10,4,,
2,95,10,5,,
2,95,10,6,,
2,95,10,7,,
2,95,10,8,,
2,96,10,9,,
2,96,10,10,,
2,96,10,11,,
2,96,10,12,,
2,97,10,13,,
2,97,10,14,,
2,97,10,15,,
2,98,10,16,,
2,98,10,17,,
2,98,10,18,,
2,99,10,19,,
2,99,10,20,,
2,99,10,21,,
2,100,10,22,,
2,100,10,23,,
2,100,10,24,,
2,101,19,1,,
2,101,19,2,,
2,101,19,3,,
2,102,19,4,,
2,102,19,5,,
2,102,19,6,,
2,103,19,7,,
2,103,19,8,,
2,103,19,9,,
2,104,19,10,,
2,104,19,11,,
2,104,19,12,,
2,105,19,13,,
2,105,19,14,,
2,105,19,15,,
2,106,19,16,,
2,106,19,17,,
2,106,19,18,,
2,107,19,19,,
2,107,19,20,,
2,107,19,21,,
2,108,19,22,,
2,108,19,23,,
2,108,19,24,,
2,109,19,25,,
2,109,19,26,,
2,109,19,27,,
2,110,19,28,,
2,110,19,29,,
2,110,19,30,,
2,111,19,31,,
2,111,19,32,,
2,111,19,33,,
2,112,19,34,,
2,112,19,35,,
2,112,19,36,,
2,113,19,37,,
2,113,19,38,,
2,113,19,39,,
2,114,19,40,,
2,114,19,41,,
2,114,19,42,,
2,115,19,43,,
2,115,19,44,,
2,115,19,45,,
2,116,19,46,,
2,116,19,47,,
2,116,19,48,,
2,117,19,49,,
2,117,19,50,,
2,117,19,51,,
2,118,19,52,,
2,118,19,53,,
2,118,19,54,,
2,119,19,55,,
2,119,19,56,,
2,119,19,57,,
2,120,19,58,,
2,120,19,59,,
2,120,19,60,,
2,121,19,61,,
2,121,19,62,,
2,121,19,63,,
2,122,19,64,,
2,122,19,65,,
2,122,19,66,,
2,123,19,67,,
2,123,19,68,,
2,123,19,69,,
2,124,19,70,,
2,124,19,71,,
2,124,19,72,,
2,125,19,73,,
2,125,19,74,,
2,125,19,75,,
2,126,19,76,,
2,126,19,77,,
2,126,19,78,,
2,127,19,79,,
2,127,19,80,,
2,127,19,81,,
2,128,19,82,,
2,128,19,83,,
2,128,19,84,,
2,129,19,85,,
2,129,19,86,,
2,129,19,87,,
2,130,19,88,,
2,130,19,89,,
2,130,19,90,,
2,131,19,91,,
2,131,19,92,,
2,131,19,93,,
2,132,19,94,,
2,132,19,95,,
2,132,19,96,,
2,133,19,97,,
2,133,19,98,,
2,133,19,99,,
2,134,19,100,,
2,134,19,101,,
2,134,19,102,,
2,135,19,103,,
2,135,19,104,,
2,135,19,105,,
2,136,19,106,,
2,136,19,107,,
2,136,19,108,,
2,137,19,109,,
2,137,19,110,,
2,137,19,111,,
2,138,19,112,,
2,138,19,113,,
2,138,19,114,,
2,139,19,115,,
2,139,19,116,,
2,139,19,117,,
2,139,19,118,,
2,140,19,119,,
2,141,19,120,,
2,141,19,121,,
2,141,19,122,,
2,141,19,123,,
2,142,19,124,,
2,142,19,125,,
2,142,19,126,,
2,143,19,127,,
2,143,19,128,,
2,143,19,129,,
2,144,19,130,,
2,144,19,131,,
2,144,19,132,,
2,145,19,133,,
2,145,19,134,,
2,145,19,135,,
2,146,19,136,,
2,146,19,137,,
2,146,19,138,,
2,147,19,139,,
2,147,19,140,,
2,147,19,141,,
2,148,19,142,,
2,148,19,143,,
2,148,19,144,,
2,149,19,145,,
2,149,19,146,,
2,149,19,147,,
2,150,19,148,,
2,150,19,149,,
2,150,19,150,,
2,151,11,1,,
2,151,11,2,,
2,151,11,3,,
2,151,11,4,,
2,152,20,1,,
2,152,20,2,,
2,152,20,3,,
2,153,20,4,,
2,153,20,5,,
2,153,20,6,,
2,153,20,7,,
2,154,20,8,,
2,154,20,9,,
2,154,20,10,,
2,154,20,11,,
2,155,20,12,,
2,155,20,13,,
2,155,20,14,,
2,156,20,15,,
2,156,20,16,,
2,156,20,17,,
2,156,20,18,,
2,157,20,19,,
2,157,20,20,,
2,157,20,21,,
2,158,20,22,,
2,158,20,23,,
2,158,20,24,,
2,159,20,25,,
2,159,20,26,,
2,159,20,27,,
2,159,20,28,,
2,160,20,29,,
2,160,20,30,,
2,160,20,31,,
2,161,21,1,,
2,161,21,2,,
2,161,21,3,,
2,162,21,4,,
2,162,21,5,,
2,162,21,6,,
2,163,21,7,,
2,163,21,8,,
2,163,21,9,,
2,164,21,10,,
2,164,21,11,,
2,164,21,12,,
2,165,22,1,,
2,165,22,2,,
2,165,22,3,,
2,165,22,4,,
2,166,22,5,,
2,166,22,6,,
2,166,22,7,,
2,166,22,8,,
2,167,11,5,,
2,167,11,6,,
2,167,11,7,,
2,168,11,8,,
2,168,11,9,,
2,168,11,10,,
2,169,11,11,,
2,169,11,12,,
2,169,11,13,,
2,170,11,14,,
2,170,11,15,,
2,170,11,16,,
2,171,11,17,,
2,171,11,18,,
2,171,11,19,,
2,172,11,20,,
2,172,11,21,,
2,172,11,22,,
2,173,12,1,,
2,173,12,2,,
2,173,12,3,,
2,174,12,4,,
2,174,12,5,,
2,174,12,6,,
2,175,12,7,,
2,175,12,8,,
2,175,12,9,,
2,175,12,10,,
2,176,12,11,,
2,176,12,12,,
2,176,12,13,,
2,176,12,14,1,20
2,177,29,1,,
2,177,29,2,,
2,177,29,3,,
2,178,12,14,21,25
2,178,32,1,,
2,178,32,2,,
2,178,32,3,,
2,178,32,4,,
2,179,12,14,26,29
2,179,30,1,,
2,179,30,2,,
2,179,30,3,,
2,180,30,4,,
2,180,30,5,,
2,180,30,6,,
2,181,30,7,,
2,181,30,8,,
2,181,30,9,,
2,182,12,15,,
2,182,12,16,,
2,182,12,17,,
2,183,28,1,,
2,183,28,2,,
2,183,28,3,,
2,183,28,4,,
2,184,28,5,,
2,184,28,6,,
2,184,28,7,,
2,185,28,8,,
2,185,28,9,,
2,185,28,10,,
2,186,28,11,,
2,186,28,12,,
2,186,28,13,,
2,186,28,14,,
2,187,12,18,,
2,187,12,19,,
2,188,23,1,,
2,188,23,2,,
2,188,23,3,,
2,189,23,4,,
2,189,23,5,,
2,189,23,6,,
2,190,23,7,,
2,190,23,8,,
2,190,23,9,,
2,191,23,10,,
2,191,23,11,,
2,191,23,12,,
2,192,23,13,,
2,192,23,14,,
2,192,23,15,,
2,193,23,16,,
2,193,23,17,,
2,193,23,18,,
2,194,23,19,,
2,194,23,20,,
2,194,23,21,,
2,195,23,22,,
2,195,23,23,,
2,195,23,24,,
2,196,23,25,,
2,196,23,26,,
2,196,23,27,,
2,197,23,28,,
2,197,23,29,,
2,197,23,30,,
2,198,23,31,,
2,198,23,32,,
2,198,23,33,,
2,199,23,34,,
2,199,23,35,,
2,199,23,36,,
2,200,23,37,,
2,200,23,38,,
2,200,23,39,,
2,201,23,40,,
2,201,23,41,,
2,201,23,42,,
2,202,23,43,,
2,202,23,44,,
2,202,23,45,,
2,203,23,46,,
2,203,23,47,,
2,203,23,48,,
2,204,23,49,,
2,204,23,50,,
2,204,23,51,,
2,205,23,52,,
2,205,23,53,,
2,205,23,54,,
2,206,23,55,,
2,206,23,56,,
2,206,23,57,,
2,207,23,58,,
2,207,23,59,,
2,207,23,60,,
2,208,23,61,,
2,208,23,62,,
2,208,23,63,,
2,209,23,64,,
2,209,23,65,,
2,209,23,66,,
2,210,33,1,,
2,210,33,2,,
2,210,33,3,,
2,210,33,4,,
2,211,33,5,,
2,211,33,6,,
2,211,33,7,,
2,212,34,1,,
2,212,34,2,,
2,212,34,3,,
2,213,12,20,,
2,213,12,21,,
2,214,36,1,,
2,214,36,2,,
2,214,36,3,,
2,215,35,1,,
2,215,35,2,,
2,215,35,3,,
2,216,12,22,,
2,216,12,23,,
2,216,12,24,,
2,216,12,25,,
2,217,31,1,,
2,217,24,1,,
2,217,24,2,,
2,218,24,3,,
2,218,24,4,,
2,218,24,5,,
2,219,24,6,,
2,219,24,7,,
2,219,24,8,,
2,220,24,9,,
2,220,24,10,,
2,220,24,11,,
2,220,24,12,,
2,221,24,13,,
2,221,24,14,,
2,221,24,15,,
2,221,24,16,,
2,222,24,17,,
2,222,24,18,,
2,222,24,19,,
2,222,24,20,,
2,223,24,21,,
2,223,24,22,,
2,223,24,23,,
2,224,24,24,,
2,224,24,25,,
2,224,24,26,,
2,225,24,27,,
2,225,24,28,,
2,225,24,29,,
2,226,24,30,,
2,226,24,31,,
2,226,24,32,,
2,227,24,33,,
2,227,24,34,,
2,227,24,35,,
2,227,24,36,,
2,228,24,37,,
2,228,24,38,,
2,228,24,39,,
2,229,24,40,,
2,229,24,41,,
2,229,24,42,,
2,230,24,43,,
2,230,24,44,,
2,230,24,45,,
2,230,24,46,,
2,231,24,47,,
2,231,24,48,,
2,231,24,49,,
2,232,24,50,,
2,232,24,51,,
2,232,24,52,,
2,233,25,1,,
2,233,25,2,,
2,233,25,3,,
2,233,25,4,,
2,233,25,5,,
2,234,13,1,,
2,234,13,2,,
2,234,13,3,,
2,235,13,4,,
2,235,13,5,,
2,235,13,6,,
2,236,13,7,,
2,236,13,8,,
2,236,13,9,,
2,237,13,10,,
2,237,13,11,,
2,237,13,12,,
2,237,13,13,,
2,238,13,14,,
2,238,13,15,,
2,238,13,16,,
2,239,13,17,,
2,239,13,18,,
2,239,13,19,,
2,240,13,20,,
2,240,13,21,,
2,240,13,22,,
2,240,13,23,,
2,241,13,24,,
2,241,13,25,,
2,241,13,26,,
2,242,13,27,,
2,242,13,28,,
2,242,13,29,,
2,243,14,1,,
2,243,14,2,,
2,243,14,3,,
2,244,14,4,,
2,244,14,5,,
2,244,14,6,,
2,245,14,7,,
2,245,14,8,,
2,245,14,9,,
2,246,14,10,,
2,246,14,11,,
2,246,14,12,,
2,246,14,13,,
2,247,14,14,,
2,247,14,15,,
2,247,14,16,,
2,248,14,17,,
2,248,14,18,,
2,248,14,19,,
2,249,14,20,,
2,249,14,21,,
2,249,14,22,,
2,250,14,23,,
2,250,14,24,,
2,250,14,25,,
2,251,14,26,,
2,251,14,27,,
2,251,14,28,,
2,251,14,29,,
2,252,14,30,,
2,252,14,31,,
2,252,14,32,,
2,253,14,33,,
2,253,14,34,,
2,253,14,35,,
2,253,14,36,,
2,254,26,1,,
2,254,26,2,,
2,254,26,3,,
2,255,26,4,,
2,255,26,5,,
2,255,26,6,,
2,255,26,7,,
2,256,26,8,,
2,256,26,9,,
2,256,26,10,,
2,256,26,11,,
2,257,26,12,,
2,257,26,13,,
2,257,26,14,,
2,258,26,15,,
2,258,26,16,,
2,258,26,17,,
2,258,26,18,,
2,259,26,19,,
2,259,26,20,,
2,259,26,21,,
2,260,26,22,,
2,260,26,23,,
2,260,26,24,,
2,261,26,25,,
2,261,26,26,,
2,261,26,27,,
2,262,26,28,,
2,262,26,29,,
2,262,26,30,,
2,263,26,31,,
2,263,26,32,,
2,263,26,33,,
2,264,26,34,,
2,264,26,35,,
2,264,26,36,,
2,265,26,37,,
2,265,26,38,,
2,265,26,39,,
2,266,26,40,,
2,266,26,41,,
2,266,26,42,,
2,267,26,43,,
2,267,26,44,,
2,267,26,45,,
2,268,26,46,,
2,268,26,47,,
2,268,26,48,,
2,269,27,1,,
2,269,27,2,,
2,269,27,3,,
2,270,27,4,,
2,270,27,5,,
2,270,27,6,,
2,271,27,7,,
2,271,27,8,,
2,271,27,9,,
2,272,27,10,,
2,272,27,11,,
2,272,27,12,,
2,273,17,1,,
2,273,17,2,,
2,273,17,3,,
2,274,17,4,,
2,274,17,5,,
2,274,17,6,,
2,274,17,7,,
2,275,17,8,,
2,275,17,9,,
2,275,17,10,,
2,276,15,1,,
2,276,15,2,,
2,276,15,3,,
2,276,15,4,,
2,277,37,1,,
2,277,37,2,,
2,277,38,1,,
2,277,38,2,,
2,278,38,3,,
2,278,38,4,,
2,278,38,5,,
2,278,38,6,,
2,279,38,7,,
2,279,38,8,,
2,279,38,9,,
2,279,38,10,,
2,280,38,11,,
2,280,38,12,,
2,280,38,13,,
2,280,38,14,,
2,281,15,5,,
2,281,15,6,,
2,281,15,7,,
2,282,15,8,,
2,282,15,9,,
2,282,15,10,,
2,283,16,1,,
2,283,16,2,,
2,283,16,3,,
2,284,16,4,,
2,284,16,5,,
2,284,16,6,,
2,285,16,7,,
2,285,16,8,,
2,285,16,9,,
2,286,16,10,,
2,286,16,11,,
2,286,16,12,,
2,286,16,13,,
2,287,39,1,,
2,287,39,2,,
2,287,39,3,,
2,287,39,4,,
2,288,40,1,,
2,288,40,2,,
2,288,40,3,,
2,288,40,4,,
2,289,40,5,,
2,289,40,6,,
2,289,40,7,,
2,290,40,8,,
2,290,40,9,,
2,290,40,10,,
2,290,40,11,,
2,291,40,12,,
2,291,40,13,,
2,291,40,14,,
2,291,40,15,,
2,292,40,16,,
2,292,40,17,,
2,292,40,18,,
2,292,40,19,,
2,293,40,20,,
2,293,40,21,,
2,293,40,22,,
2,294,40,23,,
2,294,40,24,,
2,294,40,25,,
2,295,40,26,,
2,295,40,27,,
2,295,40,28,,
2,296,41,1,,
2,296,41,2,,
2,296,41,3,,
2,297,41,4,,
2,297,41,5,,
2,297,41,6,,
2,298,41,7,,
2,298,41,8,,
2,298,41,9,,
2,298,41,10,,
2,299,41,11,,
2,299,41,12,,
2,299,41,13,,
2,300,41,14,,
2,300,41,15,,
2,300,41,16,,
2,301,42,1,,
2,301,42,2,,
2,301,42,3,,
2,302,42,4,,
2,302,42,5,,
2,302,42,6,,
2,303,42,7,,
2,303,42,8,,
2,303,42,9,,
2,304,42,10,,
2,304,42,11,,
2,304,42,12,,
2,304,42,13,,
2,305,42,14,,
2,305,42,15,,
2,305,42,16,,
2,305,42,17,,
2,306,42,18,,
2,306,42,19,,
2,306,42,20,,
2,306,42,21,,
2,307,42,22,,
2,307,42,23,,
2,307,42,24,,
2,308,43,1,,
2,308,43,2,,
2,308,43,3,,
2,309,43,4,,
2,309,43,5,,
2,309,43,6,,
2,310,43,7,,
2,310,43,8,,
2,310,43,9,,
2,310,43,10,,
2,311,43,11,,
2,311,43,12,,
2,311,43,13,,
2,312,43,14,,
2,312,43,15,,
2,312,43,16,,
2,312,43,17,,
2,313,43,18,,
2,313,43,19,,
2,313,43,20,,
2,313,43,21,,
2,314,44,1,,
2,314,44,2,,
2,315,44,3,,
2,315,44,4,,
2,315,44,5,,
2,316,44,6,,
2,316,44,7,,
2,316,44,8,,
2,316,44,9,,
2,317,44,10,,
2,317,44,11,,
2,317,44,12,,
2,318,44,13,,
2,318,44,14,,
2,319,59,1,,
2,319,59,2,,
2,320,59,3,,
2,320,59,4,,
2,320,59,5,,
2,321,48,1,,
2,321,48,2,,
2,321,48,3,,
2,322,48,4,,
2,322,48,5,,
2,322,48,6,,
2,323,44,15,,
2,323,44,16,,
2,323,44,17,,
2,323,44,18,1,11
2,324,52,1,,
2,324,52,2,,
2,324,52,3,,
2,324,52,4,,
2,324,52,5,,
2,325,53,1,,
2,325,53,2,,
2,325,53,3,,
2,325,44,18,12,
2,325,44,19,1,10
2,326,46,1,,
2,326,46,2,,
2,326,46,3,,
2,326,46,4,,
2,327,46,5,,
2,327,46,6,,
2,327,46,7,,
2,327,46,8,,
2,328,46,9,,
2,328,46,10,,
2,328,46,11,,
2,328,46,12,,
2,329,46,13,,
2,329,46,14,,
2,329,46,15,,
2,329,46,16,,
2,330,44,19,11,
2,330,44,20,1,1
2,330,47,1,,
2,330,47,2,,
2,330,47,3,,
2,331,47,4,,
2,331,47,5,,
2,331,47,6,,
2,332,47,7,,
2,332,47,8,,
2,332,47,9,,
2,333,47,10,,
2,333,47,11,,
2,333,47,12,,
2,333,47,13,,
2,334,44,20,2,2
2,334,47,1,,
2,334,47,2,,
2,334,47,3,,
2,334,47,4,,
2,335,47,5,,
2,335,47,6,,
2,335,47,7,,
2,335,47,8,,
2,336,47,9,,
2,336,47,10,,
2,336,47,11,,
2,337,47,12,,
2,337,47,13,,
2,337,47,14,,
2,337,47,15,,
2,337,47,16,,
2,338,44,20,3,
2,338,44,21,,
2,338,44,22,,
2,339,44,23,,
2,339,44,24,,
2,339,44,25,,
2,340,44,26,,
2,340,44,27,,
2,340,44,28,,
2,341,49,1,,
2,341,49,2,,
2,341,49,3,,
2,342,49,4,,
2,342,49,5,,
2,342,49,6,,
2,343,50,1,,
2,343,50,2,,
2,343,50,3,,
2,343,50,4,,
2,344,51,1,,
2,344,51,2,,
2,344,51,3,,
2,344,51,4,,
2,345,58,1,,
2,345,58,2,,
2,345,58,3,,
2,345,58,4,,
2,346,58,5,,
2,346,58,6,,
2,346,58,7,,
2,347,58,8,,
2,347,58,9,,
2,347,58,10,,
2,348,58,11,,
2,348,58,12,,
2,348,58,13,,
2,349,57,1,,
2,349,60,1,,
2,349,60,2,,
2,350,60,3,,
2,350,60,4,,
2,350,60,5,,
2,351,61,1,,
2,351,61,2,,
2,351,61,3,,
2,352,54,1,,
2,352,54,2,,
2,352,54,3,,
2,353,54,4,,
2,353,54,5,,
2,353,54,6,,
2,354,56,1,,
2,354,56,2,,
2,354,56,3,,
2,355,55,1,,
2,355,55,2,,
2,355,55,3,,
2,355,55,4,,
2,356,62,1,,
2,356,62,2,,
2,357,62,3,,
2,357,62,4,,
2,357,62,5,,
2,358,63,1,,
2,358,64,1,,
2,358,65,1,,
2,359,66,1,,
2,359,66,2,,
2,359,66,3,,
2,360,66,4,,
2,360,66,5,,
2,360,66,6,,
2,361,66,7,,
2,361,66,8,,
2,361,66,9,,
2,362,66,10,,
2,362,66,11,,
2,362,66,12,,
2,363,66,13,,
2,363,66,14,,
2,363,66,15,,
2,364,66,16,,
2,364,66,17,,
2,364,66,18,,
2,365,66,19,,
2,365,66,20,,
2,365,66,21,,
2,365,66,22,,